{"cameraMode":{"drawMode":0,"name":"Shaded","section":"Shading Mode"},"sceneLighting":true,"audioPlay":false,"sceneViewState":{"m_AlwaysRefresh":false,"showFog":true,"showSkybox":true,"showFlares":true,"showImageEffects":true,"showParticleSystems":true,"showVisualEffectGraphs":true,"m_FxEnabled":true},"in2DMode":false,"pivot":{"x":8.845406532287598,"y":3.3109512329101564,"z":-29.367433547973634},"rotation":{"x":0.0843699648976326,"y":0.10118434578180313,"z":-0.008628209121525288,"w":0.9912718534469605},"size":0.8660253882408142,"orthographic":false}